,Normal 400 Rogue 10,Normal 300 Rogue 10,Normal 200 Rogue 10
0.01,58.666666666666664,55.00000000000001,52.0
0.02,67.55555555555556,59.5,57.99999999999999
0.03,76.22222222222223,49.5,58.8
0.04,84.0,52.0,62.0
0.05,86.66666666666667,41.5,49.2
0.06,74.0,36.0,41.6
0.07,69.77777777777779,36.0,52.0
0.08,64.66666666666666,30.0,41.6
0.09,55.77777777777778,26.0,34.0
0.1,51.33333333333333,17.5,42.8
0.11,52.888888888888886,31.0,30.4
0.12,46.44444444444444,32.5,30.4
0.13,42.888888888888886,20.0,23.200000000000003
0.14,51.77777777777778,14.000000000000002,28.000000000000004
0.15,35.333333333333336,14.499999999999998,20.4
0.16,43.77777777777778,29.5,17.2
0.17,42.22222222222222,20.5,16.0
0.18,46.88888888888889,15.5,13.200000000000001
0.19,48.66666666666667,17.5,17.599999999999998
0.2,52.888888888888886,20.0,6.4
0.21,57.55555555555556,9.0,26.8
0.22,50.0,16.5,21.2
0.23,63.33333333333333,23.5,10.4
0.24,56.44444444444444,11.5,22.8
0.25,54.22222222222223,16.0,39.2
0.26,63.55555555555556,15.0,34.4
0.27,60.66666666666667,17.0,25.6
0.28,49.111111111111114,12.5,13.200000000000001
0.29,62.88888888888889,28.000000000000004,20.0
0.3,48.22222222222222,25.0,32.4
0.31,36.22222222222222,15.0,43.6
0.32,55.77777777777778,14.499999999999998,40.8
0.33,61.55555555555555,27.500000000000004,30.8
0.34,68.44444444444444,18.5,23.599999999999998
0.35,65.33333333333333,29.5,30.4
0.36,74.44444444444444,22.5,33.2
0.37,62.22222222222222,25.0,40.0
0.38,67.11111111111111,17.0,37.2
0.39,66.88888888888889,8.5,24.0
0.4,67.11111111111111,15.0,31.2
0.41,59.77777777777777,28.999999999999996,30.8
0.42,71.11111111111111,26.0,39.2
0.43,64.22222222222223,27.0,35.199999999999996
0.44,68.44444444444444,26.0,34.8
0.45,62.22222222222222,8.5,48.0
0.46,63.77777777777778,17.0,48.8
0.47,61.33333333333333,26.0,37.6
0.48,59.55555555555555,19.0,48.8
0.49,77.11111111111111,33.0,35.6
0.5,68.0,32.0,42.4
0.51,78.0,38.5,37.6
0.52,68.44444444444444,36.0,26.8
0.53,71.11111111111111,25.5,36.8
0.54,62.88888888888889,15.0,22.0
0.55,60.66666666666667,24.5,26.8
0.56,65.33333333333333,32.5,35.199999999999996
0.57,66.0,22.0,31.6
0.58,48.888888888888886,12.0,25.2
0.59,51.77777777777778,6.0,25.2
0.6,41.333333333333336,12.0,20.8
0.61,49.333333333333336,25.5,32.800000000000004
0.62,51.11111111111111,6.0,26.8
0.63,55.77777777777778,13.0,26.0
0.64,52.888888888888886,13.0,20.8
0.65,48.0,7.5,11.200000000000001
0.66,62.88888888888889,27.0,8.799999999999999
0.67,63.11111111111111,14.000000000000002,13.600000000000001
0.68,49.333333333333336,18.5,15.6
0.69,49.77777777777778,15.5,14.000000000000002
0.7,58.88888888888889,12.5,16.400000000000002
0.71,46.0,15.5,23.599999999999998
0.72,54.888888888888886,22.0,20.4
0.73,52.44444444444445,10.0,21.6
0.74,52.666666666666664,21.0,33.6
0.75,46.0,22.0,34.0
0.76,51.11111111111111,9.5,30.0
0.77,58.88888888888889,3.5000000000000004,29.599999999999998
0.78,60.22222222222222,5.0,16.0
0.79,54.666666666666664,11.5,17.2
0.8,55.77777777777778,21.0,20.4
0.81,64.88888888888889,27.0,29.599999999999998
0.82,54.0,25.0,23.200000000000003
0.83,61.77777777777778,20.0,22.400000000000002
0.84,51.33333333333333,18.5,28.000000000000004
0.85,49.77777777777778,33.5,21.2
0.86,43.111111111111114,19.5,17.599999999999998
0.87,51.11111111111111,15.5,22.8
0.88,56.00000000000001,20.5,8.799999999999999
0.89,54.888888888888886,19.5,17.599999999999998
0.9,56.666666666666664,16.0,24.0
0.91,55.55555555555556,10.0,27.6
0.92,62.0,5.5,22.0
0.93,57.77777777777777,6.5,29.2
0.94,59.333333333333336,7.000000000000001,28.4
0.95,63.11111111111111,17.0,44.4
0.96,58.666666666666664,7.000000000000001,40.400000000000006
0.97,56.222222222222214,10.5,45.2
0.98,58.22222222222222,5.0,27.200000000000003
0.99,53.11111111111111,0.0,25.2
1.0,53.333333333333336,10.0,20.4
1.01,50.0,20.5,19.2
1.02,52.22222222222223,19.5,29.599999999999998
1.03,52.888888888888886,14.000000000000002,22.8
1.04,51.33333333333333,9.5,12.8
1.05,51.55555555555556,9.5,18.0
1.06,45.33333333333333,11.5,20.8
1.07,41.11111111111111,8.0,32.800000000000004
1.08,45.33333333333333,6.5,15.6
1.09,54.22222222222223,8.5,16.8
1.1,57.99999999999999,10.0,15.6
1.11,44.44444444444444,6.5,18.8
1.12,44.666666666666664,5.0,14.000000000000002
1.13,41.77777777777778,10.0,24.4
1.14,40.22222222222222,9.5,14.799999999999999
1.15,52.666666666666664,0.0,16.400000000000002
1.16,57.111111111111114,6.0,11.600000000000001
1.17,45.111111111111114,11.5,21.6
1.18,60.88888888888889,9.0,17.2
1.19,57.111111111111114,6.5,17.2
1.2,46.44444444444444,2.5,35.199999999999996
1.21,55.333333333333336,10.0,25.6
1.22,48.66666666666667,13.5,8.4
1.23,48.44444444444444,17.0,16.8
1.24,48.0,14.499999999999998,25.2
1.25,54.888888888888886,7.000000000000001,27.6
1.26,53.11111111111111,8.0,14.799999999999999
1.27,59.111111111111114,11.0,5.2
1.28,48.888888888888886,10.5,14.799999999999999
1.29,57.55555555555556,12.0,10.8
1.3,50.66666666666667,11.5,6.800000000000001
1.31,58.44444444444444,16.0,11.600000000000001
1.32,66.22222222222223,12.0,17.2
1.33,64.44444444444444,5.0,4.8
1.34,61.55555555555555,7.000000000000001,5.2
1.35,58.88888888888889,6.0,14.000000000000002
1.36,56.888888888888886,11.5,26.0
1.37,56.00000000000001,10.5,19.2
1.38,54.22222222222223,13.0,24.8
1.39,50.66666666666667,19.0,9.2
1.4,51.55555555555556,10.0,25.6
1.41,54.22222222222223,11.5,35.199999999999996
1.42,49.77777777777778,22.0,24.4
1.43,46.22222222222222,15.0,21.6
1.44,53.11111111111111,12.0,28.000000000000004
1.45,50.0,8.5,27.200000000000003
1.46,64.44444444444444,8.5,23.599999999999998
1.47,62.0,14.000000000000002,24.8
1.48,55.77777777777778,13.5,27.200000000000003
1.49,56.222222222222214,12.0,18.8
1.5,59.77777777777777,4.0,22.0
1.51,56.222222222222214,13.0,20.0
1.52,54.888888888888886,7.000000000000001,15.6
1.53,38.88888888888889,11.5,24.4
1.54,48.0,7.5,27.6
1.55,51.55555555555556,0.5,17.2
1.56,49.77777777777778,0.5,21.6
1.57,54.666666666666664,0.5,14.399999999999999
1.58,56.666666666666664,7.5,17.599999999999998
1.59,56.222222222222214,8.0,17.599999999999998
1.6,54.22222222222223,2.5,16.8
1.61,54.0,0.0,13.600000000000001
1.62,56.44444444444444,14.499999999999998,6.4
1.63,40.0,12.5,9.6
1.64,36.22222222222222,12.5,5.6000000000000005
1.65,52.44444444444445,6.5,8.799999999999999
1.66,55.55555555555556,8.5,2.4
1.67,58.22222222222222,5.5,7.199999999999999
1.68,50.0,2.0,4.3999999999999995
1.69,53.333333333333336,0.0,4.8
1.7,56.666666666666664,6.5,10.4
1.71,56.666666666666664,9.5,4.3999999999999995
1.72,61.33333333333333,17.0,4.3999999999999995
1.73,54.44444444444444,4.0,5.6000000000000005
1.74,46.666666666666664,7.5,5.6000000000000005
1.75,46.22222222222222,15.0,10.0
1.76,56.888888888888886,9.0,0.0
1.77,55.111111111111114,11.0,14.399999999999999
1.78,53.11111111111111,7.5,10.8
1.79,59.77777777777777,9.0,8.0
1.8,48.66666666666667,13.0,6.800000000000001
1.81,46.0,4.0,4.8
1.82,49.333333333333336,3.5000000000000004,10.4
1.83,52.22222222222223,2.0,10.8
1.84,52.44444444444445,0.5,6.0
1.85,58.22222222222222,0.0,10.0
1.86,52.0,0.0,15.2
1.87,48.22222222222222,5.5,18.0
1.88,52.44444444444445,10.0,11.600000000000001
1.89,37.77777777777778,10.5,15.2
1.9,41.77777777777778,5.0,16.0
1.91,38.0,2.5,6.800000000000001
1.92,34.88888888888889,0.0,10.8
1.93,49.333333333333336,6.5,8.799999999999999
1.94,56.888888888888886,6.5,7.6
1.95,56.666666666666664,0.0,2.4
1.96,58.44444444444444,7.000000000000001,6.0
1.97,50.44444444444445,7.000000000000001,5.6000000000000005
1.98,54.0,7.000000000000001,8.0
1.99,43.77777777777778,3.5000000000000004,6.800000000000001
2.0,57.111111111111114,0.0,5.2
2.01,48.888888888888886,7.000000000000001,2.8000000000000003
2.02,49.77777777777778,7.5,7.199999999999999
2.03,53.333333333333336,8.0,6.800000000000001
2.04,54.666666666666664,6.5,6.800000000000001
2.05,46.22222222222222,1.5,6.800000000000001
2.06,51.77777777777778,6.0,6.800000000000001
2.07,59.55555555555555,9.0,9.6
2.08,57.55555555555556,6.5,5.6000000000000005
2.09,50.66666666666667,7.5,2.4
2.1,56.888888888888886,4.5,0.8
2.11,51.77777777777778,0.0,0.0
2.12,49.333333333333336,0.0,0.0
2.13,46.22222222222222,0.0,4.3999999999999995
2.14,52.0,8.5,4.0
2.15,53.11111111111111,12.5,0.0
2.16,56.00000000000001,13.5,0.0
2.17,55.77777777777778,0.0,0.0
2.18,55.111111111111114,0.0,0.0
2.19,52.22222222222223,4.5,5.6000000000000005
2.2,47.77777777777778,8.5,0.0
2.21,51.55555555555556,3.0,0.0
2.22,43.77777777777778,0.0,0.0
2.23,50.66666666666667,5.0,6.0
2.24,44.44444444444444,5.0,5.2
2.25,41.11111111111111,5.0,0.0
2.26,49.55555555555556,0.0,0.0
2.27,47.55555555555556,0.0,0.0
2.28,38.22222222222222,6.5,5.2
2.29,48.22222222222222,8.5,0.0
2.3,42.44444444444444,6.0,0.0
2.31,42.888888888888886,2.5,0.0
2.32,38.0,0.0,6.0
2.33,38.22222222222222,0.0,6.0
2.34,43.77777777777778,0.0,8.0
2.35,48.22222222222222,0.0,6.800000000000001
2.36,37.55555555555555,0.0,4.3999999999999995
2.37,47.55555555555556,6.0,0.0
2.38,52.666666666666664,0.0,0.0
2.39,47.333333333333336,4.5,0.0
2.4,48.66666666666667,11.0,0.0
2.41,56.44444444444444,7.000000000000001,0.0
2.42,51.11111111111111,7.5,0.0
2.43,51.55555555555556,9.0,0.0
2.44,45.111111111111114,7.5,0.0
2.45,59.333333333333336,10.5,0.0
2.46,60.66666666666667,4.5,0.0
2.47,56.222222222222214,2.5,0.0
2.48,58.88888888888889,4.5,0.0
2.49,52.0,7.000000000000001,0.0
2.5,44.22222222222222,0.5,0.0
2.51,51.33333333333333,0.0,0.0
2.52,55.55555555555556,0.0,0.0
2.53,43.111111111111114,0.0,0.0
2.54,43.77777777777778,10.0,0.0
2.55,45.33333333333333,2.0,0.0
2.56,48.66666666666667,0.0,0.0
2.57,62.44444444444445,5.0,0.0
2.58,55.111111111111114,0.0,0.0
2.59,57.333333333333336,0.0,0.0
2.6,56.666666666666664,6.5,0.0
2.61,55.111111111111114,6.5,6.0
2.62,53.11111111111111,6.5,6.0
2.63,46.88888888888889,6.5,0.0
2.64,50.66666666666667,6.5,
2.65,52.44444444444445,8.5,
2.66,44.888888888888886,7.000000000000001,
2.67,52.44444444444445,2.5,
2.68,53.333333333333336,0.0,
2.69,45.77777777777778,0.0,
2.7,46.22222222222222,7.000000000000001,
2.71,46.666666666666664,7.000000000000001,
2.72,50.0,7.000000000000001,
2.73,54.888888888888886,6.5,
2.74,45.33333333333333,6.5,
2.75,44.666666666666664,10.0,
2.76,51.77777777777778,10.0,
2.77,55.77777777777778,10.0,
2.78,48.0,6.5,
2.79,47.333333333333336,3.0,
2.8,51.77777777777778,3.0,
2.81,42.66666666666667,3.0,
2.82,51.33333333333333,6.0,
2.83,45.77777777777778,0.0,
2.84,43.333333333333336,9.5,
2.85,46.22222222222222,9.0,
2.86,39.111111111111114,3.5000000000000004,
2.87,39.33333333333333,2.5,
2.88,51.55555555555556,0.0,
2.89,54.22222222222223,0.0,
2.9,50.66666666666667,0.0,
2.91,46.44444444444444,0.0,
2.92,45.55555555555556,0.0,
2.93,48.22222222222222,0.0,
2.94,47.11111111111111,0.0,
2.95,52.666666666666664,0.0,
2.96,49.55555555555556,7.000000000000001,
2.97,53.55555555555556,0.0,
2.98,46.88888888888889,0.0,
2.99,44.22222222222222,0.0,
3.0,36.666666666666664,0.0,
3.01,42.888888888888886,0.0,
3.02,39.77777777777778,0.0,
3.03,41.55555555555556,0.0,
3.04,39.55555555555556,0.0,
3.05,42.22222222222222,0.0,
3.06,39.55555555555556,0.0,
3.07,51.77777777777778,0.0,
3.08,48.888888888888886,0.0,
3.09,48.0,0.0,
3.1,44.888888888888886,0.0,
3.11,52.666666666666664,0.0,
3.12,50.0,0.0,
3.13,46.666666666666664,6.5,
3.14,38.22222222222222,6.5,
3.15,48.44444444444444,0.0,
3.16,45.111111111111114,0.0,
3.17,53.77777777777778,0.0,
3.18,51.33333333333333,0.0,
3.19,56.888888888888886,0.0,
3.2,54.666666666666664,0.0,
3.21,53.333333333333336,0.0,
3.22,55.55555555555556,7.000000000000001,
3.23,52.888888888888886,7.000000000000001,
3.24,49.111111111111114,7.000000000000001,
3.25,50.22222222222222,7.000000000000001,
3.26,59.333333333333336,7.000000000000001,
3.27,58.22222222222222,7.000000000000001,
3.28,55.333333333333336,0.0,
3.29,48.44444444444444,0.0,
3.3,50.66666666666667,0.0,
3.31,48.44444444444444,6.0,
3.32,36.666666666666664,6.0,
3.33,27.555555555555557,6.0,
3.34,47.11111111111111,6.0,
3.35,48.888888888888886,6.0,
3.36,51.33333333333333,6.0,
3.37,45.111111111111114,0.0,
3.38,48.66666666666667,,
3.39,45.77777777777778,,
3.4,54.666666666666664,,
3.41,40.88888888888889,,
3.42,44.44444444444444,,
3.43,52.0,,
3.44,47.55555555555556,,
3.45,48.66666666666667,,
3.46,40.0,,
3.47,46.88888888888889,,
3.48,50.44444444444445,,
3.49,62.88888888888889,,
3.5,59.77777777777777,,
3.51,55.333333333333336,,
3.52,55.111111111111114,,
3.53,53.11111111111111,,
3.54,59.333333333333336,,
3.55,56.00000000000001,,
3.56,58.22222222222222,,
3.57,52.666666666666664,,
3.58,43.333333333333336,,
3.59,36.666666666666664,,
3.6,42.66666666666667,,
3.61,49.77777777777778,,
3.62,51.77777777777778,,
3.63,54.44444444444444,,
3.64,55.333333333333336,,
3.65,50.22222222222222,,
3.66,41.333333333333336,,
3.67,49.111111111111114,,
3.68,52.666666666666664,,
3.69,55.55555555555556,,
3.7,56.44444444444444,,
3.71,49.77777777777778,,
3.72,56.222222222222214,,
3.73,58.22222222222222,,
3.74,69.11111111111111,,
3.75,55.333333333333336,,
3.76,53.77777777777778,,
3.77,56.888888888888886,,
3.78,53.77777777777778,,
3.79,46.88888888888889,,
3.8,52.22222222222223,,
3.81,43.111111111111114,,
3.82,56.44444444444444,,
3.83,55.333333333333336,,
3.84,57.333333333333336,,
3.85,56.00000000000001,,
3.86,51.77777777777778,,
3.87,48.66666666666667,,
3.88,55.77777777777778,,
3.89,55.111111111111114,,
3.9,50.66666666666667,,
3.91,53.55555555555556,,
3.92,51.55555555555556,,
3.93,57.333333333333336,,
3.94,61.55555555555555,,
3.95,63.33333333333333,,
3.96,65.55555555555556,,
3.97,64.22222222222223,,
3.98,59.77777777777777,,
3.99,56.222222222222214,,
4.0,51.55555555555556,,
4.01,48.66666666666667,,
4.02,52.0,,
4.03,45.111111111111114,,
4.04,51.55555555555556,,
4.05,40.88888888888889,,
4.06,42.888888888888886,,
4.07,45.77777777777778,,
4.08,46.22222222222222,,
4.09,44.44444444444444,,
4.1,38.88888888888889,,
4.11,49.333333333333336,,
4.12,50.22222222222222,,
4.13,43.111111111111114,,
4.14,57.333333333333336,,
4.15,53.11111111111111,,
4.16,46.22222222222222,,
4.17,46.666666666666664,,
4.18,30.666666666666664,,
4.19,33.77777777777778,,
4.2,46.0,,
4.21,53.11111111111111,,
4.22,56.00000000000001,,
4.23,49.77777777777778,,
4.24,52.22222222222223,,
4.25,51.33333333333333,,
4.26,54.44444444444444,,
4.27,51.33333333333333,,
4.28,48.0,,
4.29,34.44444444444444,,
4.3,47.55555555555556,,
4.31,57.111111111111114,,
4.32,48.66666666666667,,
4.33,55.333333333333336,,
4.34,62.66666666666667,,
4.35,61.55555555555555,,
4.36,59.111111111111114,,
4.37,56.888888888888886,,
4.38,61.111111111111114,,
4.39,53.11111111111111,,
4.4,52.44444444444445,,
4.41,61.111111111111114,,
4.42,56.44444444444444,,
4.43,51.33333333333333,,
4.44,58.22222222222222,,
4.45,62.22222222222222,,
4.46,55.55555555555556,,
4.47,45.55555555555556,,
4.48,43.333333333333336,,
4.49,50.0,,
4.5,52.44444444444445,,
4.51,55.333333333333336,,
4.52,51.33333333333333,,
4.53,58.22222222222222,,
4.54,56.00000000000001,,
4.55,52.666666666666664,,
4.56,46.0,,
4.57,54.0,,
4.58,55.333333333333336,,
4.59,49.77777777777778,,
4.6,43.333333333333336,,
4.61,43.55555555555555,,
4.62,41.333333333333336,,
4.63,45.55555555555556,,
4.64,42.44444444444444,,
4.65,46.666666666666664,,
4.66,46.88888888888889,,
4.67,56.44444444444444,,
4.68,63.11111111111111,,
4.69,57.333333333333336,,
4.7,56.888888888888886,,
4.71,55.55555555555556,,
4.72,57.99999999999999,,
4.73,48.888888888888886,,
4.74,45.55555555555556,,
4.75,51.77777777777778,,
4.76,55.111111111111114,,
4.77,57.55555555555556,,
4.78,65.55555555555556,,
4.79,55.77777777777778,,
4.8,55.77777777777778,,
4.81,65.33333333333333,,
4.82,54.0,,
4.83,60.66666666666667,,
4.84,56.222222222222214,,
4.85,49.55555555555556,,
4.86,44.22222222222222,,
4.87,48.888888888888886,,
4.88,52.888888888888886,,
4.89,44.22222222222222,,
4.9,39.111111111111114,,
4.91,44.888888888888886,,
4.92,46.44444444444444,,
4.93,60.44444444444444,,
4.94,59.55555555555555,,
4.95,53.333333333333336,,
4.96,53.77777777777778,,
4.97,42.44444444444444,,
4.98,53.333333333333336,,
4.99,58.22222222222222,,
5.0,55.111111111111114,,
5.01,54.666666666666664,,
5.02,51.33333333333333,,
5.03,50.888888888888886,,
5.04,41.11111111111111,,
5.05,37.111111111111114,,
5.06,36.888888888888886,,
5.07,42.66666666666667,,
5.08,50.22222222222222,,
5.09,48.888888888888886,,
5.1,43.55555555555555,,
5.11,42.0,,
5.12,53.333333333333336,,
5.13,57.77777777777777,,
5.14,53.333333333333336,,
5.15,54.44444444444444,,
5.16,49.333333333333336,,
5.17,46.44444444444444,,
5.18,49.333333333333336,,
5.19,55.77777777777778,,
5.2,49.333333333333336,,
5.21,56.00000000000001,,
5.22,48.44444444444444,,
5.23,43.111111111111114,,
5.24,50.44444444444445,,
5.25,48.66666666666667,,
5.26,52.888888888888886,,
5.27,57.55555555555556,,
5.28,61.55555555555555,,
5.29,50.22222222222222,,
5.3,53.333333333333336,,
5.31,55.55555555555556,,
5.32,57.111111111111114,,
5.33,59.55555555555555,,
5.34,50.44444444444445,,
5.35,49.55555555555556,,
5.36,38.88888888888889,,
5.37,40.666666666666664,,
5.38,46.0,,
5.39,38.22222222222222,,
5.4,41.55555555555556,,
5.41,52.888888888888886,,
5.42,53.333333333333336,,
5.43,44.22222222222222,,
5.44,42.44444444444444,,
5.45,48.0,,
5.46,40.0,,
5.47,50.888888888888886,,
5.48,50.66666666666667,,
5.49,47.55555555555556,,
5.5,54.666666666666664,,
5.51,50.0,,
5.52,42.66666666666667,,
5.53,36.888888888888886,,
5.54,47.55555555555556,,
5.55,44.888888888888886,,
5.56,46.44444444444444,,
5.57,39.77777777777778,,
5.58,48.888888888888886,,
5.59,51.55555555555556,,
5.6,56.666666666666664,,
5.61,45.111111111111114,,
5.62,44.44444444444444,,
5.63,39.77777777777778,,
5.64,39.33333333333333,,
5.65,43.111111111111114,,
5.66,53.55555555555556,,
5.67,43.333333333333336,,
5.68,44.44444444444444,,
5.69,46.88888888888889,,
5.7,53.333333333333336,,
5.71,49.111111111111114,,
5.72,49.55555555555556,,
5.73,49.111111111111114,,
5.74,37.77777777777778,,
5.75,47.11111111111111,,
5.76,66.44444444444444,,
5.77,66.0,,
5.78,64.22222222222223,,
5.79,57.333333333333336,,
5.8,50.888888888888886,,
5.81,49.111111111111114,,
5.82,40.44444444444444,,
5.83,44.888888888888886,,
5.84,48.22222222222222,,
5.85,50.66666666666667,,
5.86,54.888888888888886,,
5.87,60.0,,
5.88,55.55555555555556,,
5.89,51.11111111111111,,
5.9,50.44444444444445,,
5.91,52.888888888888886,,
5.92,51.33333333333333,,
5.93,52.666666666666664,,
5.94,43.55555555555555,,
5.95,50.888888888888886,,
5.96,52.888888888888886,,
5.97,44.44444444444444,,
5.98,51.33333333333333,,
5.99,44.0,,
6.0,48.22222222222222,,
6.01,47.11111111111111,,
6.02,46.22222222222222,,
6.03,48.66666666666667,,
6.04,42.66666666666667,,
6.05,43.111111111111114,,
6.06,50.22222222222222,,
6.07,47.77777777777778,,
6.08,43.77777777777778,,
6.09,50.66666666666667,,
6.1,47.77777777777778,,
6.11,48.888888888888886,,
6.12,43.111111111111114,,
6.13,47.11111111111111,,
6.14,44.888888888888886,,
6.15,44.22222222222222,,
6.16,56.00000000000001,,
6.17,54.666666666666664,,
6.18,44.666666666666664,,
6.19,49.333333333333336,,
6.2,52.888888888888886,,
6.21,52.888888888888886,,
6.22,53.11111111111111,,
6.23,48.22222222222222,,
6.24,52.44444444444445,,
6.25,52.44444444444445,,
6.26,52.44444444444445,,
6.27,57.333333333333336,,
6.28,52.44444444444445,,
6.29,51.55555555555556,,
6.3,45.111111111111114,,
6.31,43.111111111111114,,
6.32,40.44444444444444,,
6.33,44.888888888888886,,
6.34,46.88888888888889,,
6.35,46.22222222222222,,
6.36,47.11111111111111,,
6.37,40.0,,
6.38,45.33333333333333,,
6.39,50.888888888888886,,
6.4,42.0,,
6.41,41.333333333333336,,
6.42,44.44444444444444,,
6.43,49.111111111111114,,
6.44,44.44444444444444,,
6.45,42.66666666666667,,
6.46,54.888888888888886,,
6.47,51.33333333333333,,
6.48,53.11111111111111,,
6.49,50.22222222222222,,
6.5,42.888888888888886,,
6.51,47.11111111111111,,
6.52,43.55555555555555,,
6.53,54.888888888888886,,
6.54,53.333333333333336,,
6.55,45.55555555555556,,
6.56,35.11111111111111,,
6.57,38.44444444444444,,
6.58,46.0,,
6.59,32.0,,
6.6,38.0,,
6.61,48.44444444444444,,
6.62,44.888888888888886,,
6.63,40.88888888888889,,
6.64,34.22222222222222,,
6.65,34.44444444444444,,
6.66,34.66666666666667,,
6.67,44.666666666666664,,
6.68,43.55555555555555,,
6.69,41.55555555555556,,
6.7,54.0,,
6.71,59.111111111111114,,
6.72,50.888888888888886,,
6.73,51.55555555555556,,
6.74,49.111111111111114,,
6.75,48.888888888888886,,
6.76,49.333333333333336,,
6.77,46.22222222222222,,
6.78,41.77777777777778,,
6.79,44.0,,
6.8,47.333333333333336,,
6.81,46.666666666666664,,
6.82,31.555555555555554,,
6.83,40.666666666666664,,
6.84,56.44444444444444,,
6.85,46.22222222222222,,
6.86,41.333333333333336,,
6.87,41.11111111111111,,
6.88,46.22222222222222,,
6.89,50.66666666666667,,
6.9,42.66666666666667,,
6.91,39.111111111111114,,
6.92,30.0,,
6.93,34.44444444444444,,
6.94,41.333333333333336,,
6.95,44.22222222222222,,
6.96,39.111111111111114,,
6.97,45.33333333333333,,
6.98,37.55555555555555,,
6.99,49.111111111111114,,
7.0,51.55555555555556,,
7.01,44.666666666666664,,
7.02,35.11111111111111,,
7.03,48.888888888888886,,
7.04,43.111111111111114,,
7.05,40.44444444444444,,
7.06,38.666666666666664,,
7.07,43.111111111111114,,
7.08,45.33333333333333,,
7.09,42.22222222222222,,
7.1,44.666666666666664,,
7.11,48.888888888888886,,
7.12,47.55555555555556,,
7.13,45.77777777777778,,
7.14,49.333333333333336,,
7.15,42.0,,
7.16,42.44444444444444,,
7.17,41.11111111111111,,
7.18,49.111111111111114,,
7.19,37.55555555555555,,
7.2,34.22222222222222,,
7.21,34.44444444444444,,
7.22,39.111111111111114,,
7.23,38.44444444444444,,
7.24,40.88888888888889,,
7.25,54.888888888888886,,
7.26,43.77777777777778,,
7.27,36.888888888888886,,
7.28,35.55555555555556,,
7.29,38.0,,
7.3,37.77777777777778,,
7.31,35.55555555555556,,
7.32,40.0,,
7.33,46.44444444444444,,
7.34,34.0,,
7.35,28.22222222222222,,
7.36,32.44444444444444,,
7.37,29.777777777777775,,
7.38,44.0,,
7.39,32.88888888888889,,
7.4,35.77777777777777,,
7.41,33.55555555555556,,
7.42,35.55555555555556,,
7.43,46.666666666666664,,
7.44,50.66666666666667,,
7.45,51.11111111111111,,
7.46,48.0,,
7.47,53.11111111111111,,
7.48,54.22222222222223,,
7.49,45.77777777777778,,
7.5,40.666666666666664,,
7.51,51.33333333333333,,
7.52,54.44444444444444,,
7.53,42.0,,
7.54,32.44444444444444,,
7.55,36.22222222222222,,
7.56,46.88888888888889,,
7.57,42.0,,
7.58,33.55555555555556,,
7.59,37.55555555555555,,
7.6,45.33333333333333,,
7.61,40.44444444444444,,
7.62,42.22222222222222,,
7.63,35.77777777777777,,
7.64,44.666666666666664,,
7.65,41.333333333333336,,
7.66,45.111111111111114,,
7.67,43.333333333333336,,
7.68,42.22222222222222,,
7.69,38.88888888888889,,
7.7,37.333333333333336,,
7.71,34.66666666666667,,
7.72,38.666666666666664,,
7.73,49.111111111111114,,
7.74,52.0,,
7.75,54.888888888888886,,
7.76,46.22222222222222,,
7.77,49.77777777777778,,
7.78,48.22222222222222,,
7.79,57.77777777777777,,
7.8,48.888888888888886,,
7.81,49.55555555555556,,
7.82,39.111111111111114,,
7.83,39.55555555555556,,
7.84,39.33333333333333,,
7.85,43.77777777777778,,
7.86,36.888888888888886,,
7.87,42.22222222222222,,
7.88,40.44444444444444,,
7.89,38.88888888888889,,
7.9,42.44444444444444,,
7.91,43.55555555555555,,
7.92,44.0,,
7.93,51.11111111111111,,
7.94,51.33333333333333,,
7.95,46.0,,
7.96,39.55555555555556,,
7.97,44.22222222222222,,
7.98,49.111111111111114,,
7.99,48.66666666666667,,
8.0,39.77777777777778,,
8.01,30.666666666666664,,
8.02,43.111111111111114,,
8.03,46.666666666666664,,
8.04,50.0,,
8.05,42.66666666666667,,
8.06,42.22222222222222,,
8.07,39.55555555555556,,
8.08,49.77777777777778,,
8.09,51.55555555555556,,
8.1,57.333333333333336,,
8.11,47.77777777777778,,
8.12,43.77777777777778,,
8.13,47.55555555555556,,
8.14,49.77777777777778,,
8.15,55.333333333333336,,
8.16,59.111111111111114,,
8.17,51.33333333333333,,
8.18,48.888888888888886,,
8.19,53.333333333333336,,
8.2,50.66666666666667,,
8.21,48.44444444444444,,
8.22,47.77777777777778,,
8.23,43.55555555555555,,
8.24,44.22222222222222,,
8.25,38.0,,
8.26,44.22222222222222,,
8.27,43.333333333333336,,
8.28,35.333333333333336,,
8.29,38.0,,
8.3,42.22222222222222,,
8.31,41.77777777777778,,
8.32,34.0,,
8.33,42.22222222222222,,
8.34,42.888888888888886,,
8.35,40.22222222222222,,
8.36,47.11111111111111,,
8.37,51.77777777777778,,
8.38,43.111111111111114,,
8.39,50.0,,
8.4,39.77777777777778,,
8.41,39.33333333333333,,
8.42,37.55555555555555,,
8.43,51.11111111111111,,
8.44,55.77777777777778,,
8.45,53.77777777777778,,
8.46,35.77777777777777,,
8.47,43.333333333333336,,
8.48,39.111111111111114,,
8.49,50.0,,
8.5,44.888888888888886,,
8.51,47.333333333333336,,
8.52,49.333333333333336,,
8.53,61.55555555555555,,
8.54,60.44444444444444,,
8.55,60.22222222222222,,
8.56,55.333333333333336,,
8.57,44.666666666666664,,
8.58,49.55555555555556,,
8.59,42.66666666666667,,
8.6,51.55555555555556,,
8.61,43.333333333333336,,
8.62,48.44444444444444,,
8.63,51.77777777777778,,
8.64,57.111111111111114,,
8.65,52.888888888888886,,
8.66,54.888888888888886,,
8.67,43.77777777777778,,
8.68,48.888888888888886,,
8.69,49.111111111111114,,
8.7,54.888888888888886,,
8.71,47.333333333333336,,
8.72,39.33333333333333,,
8.73,25.77777777777778,,
8.74,35.333333333333336,,
8.75,44.666666666666664,,
8.76,32.44444444444444,,
8.77,28.444444444444443,,
8.78,44.888888888888886,,
8.79,38.44444444444444,,
8.8,55.55555555555556,,
8.81,51.33333333333333,,
8.82,50.66666666666667,,
8.83,57.99999999999999,,
8.84,57.111111111111114,,
8.85,58.666666666666664,,
8.86,50.888888888888886,,
8.87,46.22222222222222,,
8.88,48.22222222222222,,
8.89,42.888888888888886,,
8.9,44.44444444444444,,
8.91,34.88888888888889,,
8.92,36.0,,
8.93,32.0,,
8.94,31.333333333333336,,
8.95,35.55555555555556,,
8.96,38.22222222222222,,
8.97,39.33333333333333,,
8.98,48.44444444444444,,
8.99,41.77777777777778,,
9.0,53.333333333333336,,
9.01,53.77777777777778,,
9.02,43.333333333333336,,
9.03,52.44444444444445,,
9.04,40.22222222222222,,
9.05,43.55555555555555,,
9.06,46.666666666666664,,
9.07,45.77777777777778,,
9.08,46.22222222222222,,
9.09,42.44444444444444,,
9.1,45.33333333333333,,
9.11,50.0,,
9.12,40.22222222222222,,
9.13,48.0,,
9.14,42.888888888888886,,
9.15,41.55555555555556,,
9.16,41.11111111111111,,
9.17,40.666666666666664,,
9.18,31.555555555555554,,
9.19,41.77777777777778,,
9.2,43.77777777777778,,
9.21,38.88888888888889,,
9.22,38.44444444444444,,
9.23,46.0,,
9.24,46.88888888888889,,
9.25,48.888888888888886,,
9.26,55.333333333333336,,
9.27,50.0,,
9.28,54.22222222222223,,
9.29,42.0,,
9.3,38.44444444444444,,
9.31,39.55555555555556,,
9.32,44.666666666666664,,
9.33,42.66666666666667,,
9.34,54.0,,
9.35,46.0,,
9.36,40.44444444444444,,
9.37,50.66666666666667,,
9.38,56.222222222222214,,
9.39,48.888888888888886,,
9.4,41.333333333333336,,
9.41,45.111111111111114,,
9.42,48.22222222222222,,
9.43,33.77777777777778,,
9.44,39.111111111111114,,
9.45,39.111111111111114,,
9.46,37.111111111111114,,
9.47,35.77777777777777,,
9.48,38.44444444444444,,
9.49,30.444444444444446,,
9.5,25.333333333333336,,
9.51,44.22222222222222,,
9.52,38.88888888888889,,
9.53,37.55555555555555,,
9.54,42.888888888888886,,
9.55,44.666666666666664,,
9.56,36.22222222222222,,
9.57,39.111111111111114,,
9.58,40.0,,
9.59,45.77777777777778,,
9.6,45.111111111111114,,
9.61,44.22222222222222,,
9.62,33.77777777777778,,
9.63,36.44444444444444,,
9.64,43.55555555555555,,
9.65,48.66666666666667,,
9.66,43.111111111111114,,
9.67,45.55555555555556,,
9.68,45.33333333333333,,
9.69,37.55555555555555,,
9.7,42.888888888888886,,
9.71,42.22222222222222,,
9.72,37.77777777777778,,
9.73,39.77777777777778,,
9.74,43.77777777777778,,
9.75,32.88888888888889,,
9.76,37.55555555555555,,
9.77,29.777777777777775,,
9.78,35.11111111111111,,
9.79,47.333333333333336,,
9.8,34.44444444444444,,
9.81,39.111111111111114,,
9.82,38.666666666666664,,
9.83,41.333333333333336,,
9.84,39.55555555555556,,
9.85,42.0,,
9.86,43.333333333333336,,
9.87,43.333333333333336,,
9.88,44.44444444444444,,
9.89,40.88888888888889,,
9.9,37.77777777777778,,
9.91,39.77777777777778,,
9.92,40.44444444444444,,
9.93,40.22222222222222,,
9.94,36.0,,
9.95,39.33333333333333,,
9.96,39.111111111111114,,
9.97,37.111111111111114,,
9.98,37.77777777777778,,
9.99,38.666666666666664,,
10.0,46.0,,
10.01,36.666666666666664,,
10.02,33.77777777777778,,
10.03,43.333333333333336,,
10.04,42.66666666666667,,
10.05,31.11111111111111,,
10.06,36.22222222222222,,
10.07,38.666666666666664,,
10.08,34.44444444444444,,
10.09,50.66666666666667,,
10.1,48.66666666666667,,
10.11,46.666666666666664,,
10.12,35.55555555555556,,
10.13,30.22222222222222,,
10.14,23.77777777777778,,
10.15,23.11111111111111,,
10.16,36.22222222222222,,
10.17,37.111111111111114,,
10.18,38.0,,
10.19,41.55555555555556,,
10.2,40.44444444444444,,
10.21,43.333333333333336,,
10.22,47.333333333333336,,
10.23,41.333333333333336,,
10.24,41.77777777777778,,
10.25,45.33333333333333,,
10.26,50.22222222222222,,
10.27,54.44444444444444,,
10.28,45.33333333333333,,
10.29,53.11111111111111,,
10.3,60.0,,
10.31,53.11111111111111,,
10.32,59.111111111111114,,
10.33,48.44444444444444,,
10.34,40.0,,
10.35,43.111111111111114,,
10.36,44.44444444444444,,
10.37,49.333333333333336,,
10.38,49.55555555555556,,
10.39,44.888888888888886,,
10.4,48.888888888888886,,
10.41,44.44444444444444,,
10.42,53.77777777777778,,
10.43,45.111111111111114,,
10.44,38.666666666666664,,
10.45,40.22222222222222,,
10.46,33.55555555555556,,
10.47,36.666666666666664,,
10.48,48.66666666666667,,
10.49,43.55555555555555,,
10.5,38.666666666666664,,
10.51,37.77777777777778,,
10.52,38.666666666666664,,
10.53,46.0,,
10.54,30.0,,
10.55,32.666666666666664,,
10.56,34.0,,
10.57,40.88888888888889,,
10.58,39.111111111111114,,
10.59,45.111111111111114,,
10.6,48.888888888888886,,
10.61,40.88888888888889,,
10.62,33.77777777777778,,
10.63,40.88888888888889,,
10.64,30.444444444444446,,
10.65,35.77777777777777,,
10.66,36.0,,
10.67,36.44444444444444,,
10.68,34.22222222222222,,
10.69,42.66666666666667,,
10.7,33.111111111111114,,
10.71,45.111111111111114,,
10.72,36.666666666666664,,
10.73,35.11111111111111,,
10.74,40.44444444444444,,
10.75,43.111111111111114,,
10.76,36.0,,
10.77,41.77777777777778,,
10.78,44.666666666666664,,
10.79,50.44444444444445,,
10.8,48.888888888888886,,
10.81,41.77777777777778,,
10.82,46.22222222222222,,
10.83,41.11111111111111,,
10.84,42.0,,
10.85,40.88888888888889,,
10.86,36.666666666666664,,
10.87,35.77777777777777,,
10.88,40.666666666666664,,
10.89,40.666666666666664,,
10.9,34.44444444444444,,
10.91,36.44444444444444,,
10.92,30.22222222222222,,
10.93,38.0,,
10.94,42.44444444444444,,
10.95,45.77777777777778,,
10.96,38.88888888888889,,
10.97,30.22222222222222,,
10.98,25.555555555555554,,
10.99,31.333333333333336,,
11.0,25.77777777777778,,
11.01,34.88888888888889,,
11.02,46.666666666666664,,
11.03,49.111111111111114,,
11.04,44.22222222222222,,
11.05,38.666666666666664,,
11.06,50.0,,
11.07,37.333333333333336,,
11.08,46.44444444444444,,
11.09,44.888888888888886,,
11.1,38.0,,
11.11,44.44444444444444,,
11.12,44.888888888888886,,
11.13,46.44444444444444,,
11.14,29.555555555555557,,
11.15,42.44444444444444,,
11.16,39.111111111111114,,
11.17,35.11111111111111,,
11.18,32.22222222222222,,
11.19,38.44444444444444,,
11.2,40.44444444444444,,
11.21,43.77777777777778,,
11.22,40.22222222222222,,
11.23,45.111111111111114,,
11.24,41.77777777777778,,
11.25,40.88888888888889,,
11.26,44.0,,
11.27,49.333333333333336,,
11.28,44.666666666666664,,
11.29,42.0,,
11.3,42.22222222222222,,
11.31,40.22222222222222,,
11.32,44.888888888888886,,
11.33,36.22222222222222,,
11.34,39.111111111111114,,
11.35,48.0,,
11.36,49.333333333333336,,
11.37,42.0,,
11.38,42.888888888888886,,
11.39,38.0,,
11.4,47.333333333333336,,
11.41,43.111111111111114,,
11.42,45.111111111111114,,
11.43,34.22222222222222,,
11.44,40.0,,
11.45,33.55555555555556,,
11.46,40.88888888888889,,
11.47,45.33333333333333,,
11.48,44.22222222222222,,
11.49,36.888888888888886,,
11.5,39.55555555555556,,
11.51,42.22222222222222,,
11.52,36.22222222222222,,
11.53,48.0,,
11.54,40.88888888888889,,
11.55,39.111111111111114,,
11.56,40.666666666666664,,
11.57,38.22222222222222,,
11.58,49.77777777777778,,
11.59,46.0,,
11.6,40.666666666666664,,
11.61,43.77777777777778,,
11.62,35.55555555555556,,
11.63,31.333333333333336,,
11.64,32.0,,
11.65,34.66666666666667,,
11.66,35.333333333333336,,
11.67,32.0,,
11.68,34.88888888888889,,
11.69,40.44444444444444,,
11.7,38.88888888888889,,
11.71,47.11111111111111,,
11.72,41.11111111111111,,
11.73,51.77777777777778,,
11.74,47.55555555555556,,
11.75,38.666666666666664,,
11.76,45.33333333333333,,
11.77,44.22222222222222,,
11.78,33.77777777777778,,
11.79,42.66666666666667,,
11.8,44.22222222222222,,
11.81,54.0,,
11.82,47.55555555555556,,
11.83,46.22222222222222,,
11.84,48.44444444444444,,
11.85,60.66666666666667,,
11.86,61.77777777777778,,
11.87,54.666666666666664,,
11.88,55.111111111111114,,
11.89,60.44444444444444,,
11.9,58.22222222222222,,
11.91,47.77777777777778,,
11.92,48.0,,
11.93,49.111111111111114,,
11.94,49.55555555555556,,
11.95,33.77777777777778,,
11.96,51.55555555555556,,
11.97,46.88888888888889,,
11.98,49.55555555555556,,
11.99,44.44444444444444,,
12.0,48.0,,
12.01,50.888888888888886,,
12.02,42.0,,
12.03,46.0,,
12.04,45.55555555555556,,
12.05,48.66666666666667,,
12.06,52.44444444444445,,
12.07,47.55555555555556,,
12.08,53.11111111111111,,
12.09,54.666666666666664,,
12.1,44.888888888888886,,
12.11,41.55555555555556,,
12.12,35.333333333333336,,
12.13,38.0,,
12.14,30.22222222222222,,
12.15,38.88888888888889,,
12.16,44.0,,
12.17,37.111111111111114,,
12.18,40.44444444444444,,
12.19,40.88888888888889,,
12.2,58.88888888888889,,
12.21,42.66666666666667,,
12.22,48.888888888888886,,
12.23,59.111111111111114,,
12.24,51.55555555555556,,
12.25,47.55555555555556,,
12.26,49.77777777777778,,
12.27,44.666666666666664,,
12.28,56.222222222222214,,
12.29,54.0,,
12.3,50.44444444444445,,
12.31,51.77777777777778,,
12.32,58.22222222222222,,
12.33,45.55555555555556,,
12.34,48.22222222222222,,
12.35,53.55555555555556,,
12.36,44.888888888888886,,
12.37,39.33333333333333,,
12.38,45.111111111111114,,
12.39,42.888888888888886,,
12.4,54.888888888888886,,
12.41,51.77777777777778,,
12.42,45.111111111111114,,
12.43,51.55555555555556,,
12.44,56.00000000000001,,
12.45,53.77777777777778,,
12.46,52.22222222222223,,
12.47,51.33333333333333,,
12.48,52.44444444444445,,
12.49,62.0,,
12.5,51.33333333333333,,
12.51,48.66666666666667,,
12.52,51.33333333333333,,
12.53,35.333333333333336,,
12.54,44.44444444444444,,
12.55,43.77777777777778,,
12.56,43.55555555555555,,
12.57,45.33333333333333,,
12.58,50.44444444444445,,
12.59,48.44444444444444,,
12.6,47.55555555555556,,
12.61,42.66666666666667,,
12.62,50.22222222222222,,
12.63,55.111111111111114,,
12.64,46.666666666666664,,
12.65,36.888888888888886,,
12.66,44.888888888888886,,
12.67,44.666666666666664,,
12.68,49.77777777777778,,
12.69,47.11111111111111,,
12.7,49.111111111111114,,
12.71,49.111111111111114,,
12.72,42.0,,
12.73,43.111111111111114,,
12.74,44.0,,
12.75,45.77777777777778,,
12.76,39.55555555555556,,
12.77,37.111111111111114,,
12.78,40.44444444444444,,
12.79,37.77777777777778,,
12.8,50.22222222222222,,
12.81,48.0,,
12.82,44.0,,
12.83,34.22222222222222,,
12.84,41.333333333333336,,
12.85,39.111111111111114,,
12.86,26.88888888888889,,
12.87,35.11111111111111,,
12.88,44.0,,
12.89,47.77777777777778,,
12.9,48.22222222222222,,
12.91,43.55555555555555,,
12.92,38.44444444444444,,
12.93,50.44444444444445,,
12.94,44.0,,
12.95,41.77777777777778,,
12.96,41.333333333333336,,
12.97,48.22222222222222,,
12.98,48.0,,
12.99,50.0,,
13.0,38.0,,
13.01,28.888888888888886,,
13.02,32.44444444444444,,
13.03,35.11111111111111,,
13.04,28.666666666666668,,
13.05,24.88888888888889,,
13.06,38.22222222222222,,
13.07,33.33333333333333,,
13.08,33.77777777777778,,
13.09,46.666666666666664,,
13.1,42.888888888888886,,
13.11,45.77777777777778,,
13.12,43.55555555555555,,
13.13,38.0,,
13.14,34.88888888888889,,
13.15,29.777777777777775,,
13.16,39.55555555555556,,
13.17,45.77777777777778,,
13.18,45.111111111111114,,
13.19,39.55555555555556,,
13.2,33.111111111111114,,
13.21,46.88888888888889,,
13.22,42.66666666666667,,
13.23,46.0,,
13.24,46.88888888888889,,
13.25,38.44444444444444,,
13.26,38.44444444444444,,
13.27,38.44444444444444,,
13.28,36.0,,
13.29,50.22222222222222,,
13.3,57.333333333333336,,
13.31,55.77777777777778,,
13.32,53.11111111111111,,
13.33,45.111111111111114,,
13.34,40.22222222222222,,
13.35,40.666666666666664,,
13.36,42.22222222222222,,
13.37,39.33333333333333,,
13.38,34.66666666666667,,
13.39,44.0,,
13.4,37.55555555555555,,
13.41,42.66666666666667,,
13.42,31.333333333333336,,
13.43,37.55555555555555,,
13.44,38.666666666666664,,
13.45,27.333333333333332,,
13.46,37.77777777777778,,
13.47,39.77777777777778,,
13.48,39.55555555555556,,
13.49,45.33333333333333,,
13.5,53.55555555555556,,
13.51,46.88888888888889,,
13.52,54.0,,
13.53,48.888888888888886,,
13.54,58.22222222222222,,
13.55,46.44444444444444,,
13.56,46.88888888888889,,
13.57,46.22222222222222,,
13.58,42.22222222222222,,
13.59,43.333333333333336,,
13.6,48.44444444444444,,
13.61,46.44444444444444,,
13.62,45.77777777777778,,
13.63,47.11111111111111,,
13.64,53.55555555555556,,
13.65,44.44444444444444,,
13.66,39.77777777777778,,
13.67,39.55555555555556,,
13.68,44.44444444444444,,
13.69,45.77777777777778,,
13.7,37.111111111111114,,
13.71,42.888888888888886,,
13.72,47.333333333333336,,
13.73,43.111111111111114,,
13.74,40.666666666666664,,
13.75,44.666666666666664,,
13.76,47.77777777777778,,
13.77,36.666666666666664,,
13.78,32.0,,
13.79,26.222222222222225,,
13.8,43.77777777777778,,
13.81,39.33333333333333,,
13.82,39.33333333333333,,
13.83,32.88888888888889,,
13.84,37.77777777777778,,
13.85,48.44444444444444,,
13.86,45.55555555555556,,
13.87,42.66666666666667,,
13.88,40.88888888888889,,
13.89,42.44444444444444,,
13.9,37.111111111111114,,
13.91,48.888888888888886,,
13.92,36.666666666666664,,
13.93,42.0,,
13.94,48.44444444444444,,
13.95,47.77777777777778,,
13.96,34.44444444444444,,
13.97,40.88888888888889,,
13.98,38.44444444444444,,
13.99,46.88888888888889,,
14.0,49.77777777777778,,
14.01,38.666666666666664,,
14.02,35.55555555555556,,
14.03,32.88888888888889,,
14.04,34.0,,
14.05,27.77777777777778,,
14.06,35.333333333333336,,
14.07,33.111111111111114,,
14.08,36.888888888888886,,
14.09,35.55555555555556,,
14.1,24.0,,
14.11,33.77777777777778,,
14.12,35.77777777777777,,
14.13,24.88888888888889,,
14.14,32.22222222222222,,
14.15,36.888888888888886,,
14.16,29.333333333333332,,
14.17,31.77777777777778,,
14.18,31.333333333333336,,
14.19,37.77777777777778,,
14.2,44.44444444444444,,
14.21,49.77777777777778,,
14.22,45.77777777777778,,
14.23,44.22222222222222,,
14.24,40.44444444444444,,
14.25,42.66666666666667,,
14.26,34.66666666666667,,
14.27,39.55555555555556,,
14.28,41.11111111111111,,
14.29,31.555555555555554,,
14.3,38.44444444444444,,
14.31,42.888888888888886,,
14.32,45.55555555555556,,
14.33,37.77777777777778,,
14.34,32.22222222222222,,
14.35,32.88888888888889,,
14.36,32.0,,
14.37,29.555555555555557,,
14.38,37.333333333333336,,
14.39,26.0,,
14.4,35.77777777777777,,
14.41,37.77777777777778,,
14.42,26.0,,
14.43,36.0,,
14.44,36.44444444444444,,
14.45,38.666666666666664,,
14.46,38.0,,
14.47,45.77777777777778,,
14.48,54.888888888888886,,
14.49,50.0,,
14.5,46.44444444444444,,
14.51,47.77777777777778,,
14.52,46.666666666666664,,
14.53,35.77777777777777,,
14.54,46.88888888888889,,
14.55,26.88888888888889,,
14.56,28.000000000000004,,
14.57,42.22222222222222,,
14.58,41.11111111111111,,
14.59,35.11111111111111,,
14.6,37.111111111111114,,
14.61,32.0,,
14.62,35.11111111111111,,
14.63,31.555555555555554,,
14.64,39.55555555555556,,
14.65,38.0,,
14.66,27.111111111111114,,
14.67,35.333333333333336,,
14.68,41.55555555555556,,
14.69,37.55555555555555,,
14.7,31.77777777777778,,
14.71,26.222222222222225,,
14.72,25.11111111111111,,
14.73,18.666666666666668,,
14.74,40.22222222222222,,
14.75,43.333333333333336,,
14.76,38.0,,
14.77,32.88888888888889,,
14.78,44.888888888888886,,
14.79,32.44444444444444,,
14.8,38.88888888888889,,
14.81,37.111111111111114,,
14.82,31.77777777777778,,
14.83,36.888888888888886,,
14.84,42.22222222222222,,
14.85,27.555555555555557,,
14.86,32.0,,
14.87,38.22222222222222,,
14.88,42.888888888888886,,
14.89,39.77777777777778,,
14.9,36.666666666666664,,
14.91,41.333333333333336,,
14.92,38.666666666666664,,
14.93,44.0,,
14.94,41.333333333333336,,
14.95,36.22222222222222,,
14.96,26.222222222222225,,
14.97,20.22222222222222,,
14.98,26.0,,
14.99,25.333333333333336,,
15.0,28.444444444444443,,
15.01,32.666666666666664,,
15.02,36.0,,
15.03,32.22222222222222,,
15.04,22.0,,
15.05,21.777777777777775,,
15.06,33.33333333333333,,
15.07,26.666666666666668,,
15.08,25.77777777777778,,
15.09,31.555555555555554,,
15.1,30.666666666666664,,
15.11,30.444444444444446,,
15.12,26.0,,
15.13,29.555555555555557,,
15.14,29.555555555555557,,
15.15,30.666666666666664,,
15.16,35.55555555555556,,
15.17,36.666666666666664,,
15.18,32.88888888888889,,
15.19,26.222222222222225,,
15.2,31.77777777777778,,
15.21,26.0,,
15.22,38.0,,
15.23,39.55555555555556,,
15.24,42.888888888888886,,
15.25,45.33333333333333,,
15.26,38.0,,
15.27,38.666666666666664,,
15.28,41.55555555555556,,
15.29,34.0,,
15.3,29.777777777777775,,
15.31,36.888888888888886,,
15.32,39.111111111111114,,
15.33,38.0,,
15.34,35.77777777777777,,
15.35,29.11111111111111,,
15.36,27.555555555555557,,
15.37,26.222222222222225,,
15.38,22.444444444444443,,
15.39,26.222222222222225,,
15.4,32.666666666666664,,
15.41,32.88888888888889,,
15.42,34.22222222222222,,
15.43,23.333333333333332,,
15.44,18.666666666666668,,
15.45,26.222222222222225,,
15.46,27.333333333333332,,
15.47,17.333333333333336,,
15.48,30.666666666666664,,
15.49,38.0,,
15.5,33.111111111111114,,
15.51,24.666666666666668,,
15.52,28.000000000000004,,
15.53,31.555555555555554,,
15.54,29.777777777777775,,
15.55,29.777777777777775,,
15.56,31.333333333333336,,
15.57,30.444444444444446,,
15.58,34.44444444444444,,
15.59,30.666666666666664,,
15.6,53.77777777777778,,
15.61,39.111111111111114,,
15.62,34.22222222222222,,
15.63,34.44444444444444,,
15.64,38.44444444444444,,
15.65,33.111111111111114,,
15.66,32.666666666666664,,
15.67,35.77777777777777,,
15.68,31.555555555555554,,
15.69,31.333333333333336,,
15.7,21.555555555555557,,
15.71,27.333333333333332,,
15.72,28.666666666666668,,
15.73,24.88888888888889,,
15.74,27.77777777777778,,
15.75,24.88888888888889,,
15.76,30.666666666666664,,
15.77,30.444444444444446,,
15.78,30.666666666666664,,
15.79,18.88888888888889,,
15.8,17.11111111111111,,
15.81,17.555555555555554,,
15.82,20.88888888888889,,
15.83,17.77777777777778,,
15.84,18.88888888888889,,
15.85,25.555555555555554,,
15.86,18.0,,
15.87,31.333333333333336,,
15.88,18.0,,
15.89,30.88888888888889,,
15.9,36.44444444444444,,
15.91,27.77777777777778,,
15.92,34.22222222222222,,
15.93,36.44444444444444,,
15.94,32.666666666666664,,
15.95,22.22222222222222,,
15.96,29.555555555555557,,
15.97,41.11111111111111,,
15.98,35.55555555555556,,
15.99,30.22222222222222,,
16.0,25.11111111111111,,
16.01,17.555555555555554,,
16.02,22.0,,
16.03,26.88888888888889,,
16.04,23.555555555555554,,
16.05,27.333333333333332,,
16.06,20.444444444444446,,
16.07,30.666666666666664,,
16.08,26.88888888888889,,
16.09,20.444444444444446,,
16.1,38.88888888888889,,
16.11,34.66666666666667,,
16.12,22.22222222222222,,
16.13,20.666666666666668,,
16.14,21.11111111111111,,
16.15,19.11111111111111,,
16.16,11.11111111111111,,
16.17,15.777777777777777,,
16.18,12.666666666666668,,
16.19,17.11111111111111,,
16.2,14.888888888888888,,
16.21,12.222222222222221,,
16.22,13.333333333333334,,
16.23,16.444444444444446,,
16.24,22.88888888888889,,
16.25,18.0,,
16.26,15.11111111111111,,
16.27,20.444444444444446,,
16.28,22.666666666666664,,
16.29,20.22222222222222,,
16.3,22.666666666666664,,
16.31,33.33333333333333,,
16.32,30.88888888888889,,
16.33,24.444444444444443,,
16.34,33.77777777777778,,
16.35,33.111111111111114,,
16.36,28.22222222222222,,
16.37,30.88888888888889,,
16.38,29.555555555555557,,
16.39,27.111111111111114,,
16.4,30.22222222222222,,
16.41,34.66666666666667,,
16.42,28.888888888888886,,
16.43,29.11111111111111,,
16.44,44.0,,
16.45,51.77777777777778,,
16.46,49.111111111111114,,
16.47,55.333333333333336,,
16.48,64.66666666666666,,
16.49,64.0,,
16.5,69.11111111111111,,
16.51,63.11111111111111,,
16.52,55.77777777777778,,
16.53,52.0,,
16.54,41.77777777777778,,
16.55,36.44444444444444,,
16.56,42.0,,
16.57,40.88888888888889,,
16.58,44.44444444444444,,
16.59,37.77777777777778,,
16.6,46.666666666666664,,
16.61,42.44444444444444,,
16.62,32.666666666666664,,
16.63,35.11111111111111,,
16.64,34.88888888888889,,
16.65,26.0,,
16.66,30.666666666666664,,
16.67,31.77777777777778,,
16.68,47.333333333333336,,
16.69,40.666666666666664,,
16.7,36.666666666666664,,
16.71,52.44444444444445,,
16.72,34.22222222222222,,
16.73,49.111111111111114,,
16.74,42.22222222222222,,
16.75,33.111111111111114,,
16.76,46.44444444444444,,
16.77,45.111111111111114,,
16.78,43.55555555555555,,
16.79,43.111111111111114,,
16.8,47.11111111111111,,
16.81,44.666666666666664,,
16.82,46.88888888888889,,
16.83,47.55555555555556,,
16.84,40.22222222222222,,
16.85,45.77777777777778,,
16.86,35.77777777777777,,
16.87,38.44444444444444,,
16.88,37.111111111111114,,
16.89,49.77777777777778,,
16.9,34.88888888888889,,
16.91,40.88888888888889,,
16.92,51.77777777777778,,
16.93,47.77777777777778,,
16.94,55.55555555555556,,
16.95,50.0,,
16.96,40.88888888888889,,
16.97,43.333333333333336,,
16.98,40.0,,
16.99,35.77777777777777,,
17.0,31.77777777777778,,
17.01,38.0,,
17.02,38.0,,
17.03,29.555555555555557,,
17.04,34.44444444444444,,
17.05,36.666666666666664,,
17.06,40.0,,
17.07,37.333333333333336,,
17.08,22.444444444444443,,
17.09,24.88888888888889,,
17.1,31.333333333333336,,
17.11,23.555555555555554,,
17.12,19.333333333333332,,
17.13,19.555555555555557,,
17.14,26.666666666666668,,
17.15,14.222222222222221,,
17.16,22.666666666666664,,
17.17,14.222222222222221,,
17.18,12.444444444444445,,
17.19,15.333333333333332,,
17.2,24.88888888888889,,
17.21,30.444444444444446,,
17.22,30.666666666666664,,
17.23,26.666666666666668,,
17.24,25.555555555555554,,
17.25,23.77777777777778,,
17.26,23.77777777777778,,
17.27,18.22222222222222,,
17.28,23.555555555555554,,
17.29,16.444444444444446,,
17.3,32.666666666666664,,
17.31,36.22222222222222,,
17.32,32.22222222222222,,
17.33,17.77777777777778,,
17.34,16.444444444444446,,
17.35,28.444444444444443,,
17.36,21.333333333333336,,
17.37,16.666666666666664,,
17.38,21.777777777777775,,
17.39,22.88888888888889,,
17.4,21.11111111111111,,
17.41,28.444444444444443,,
17.42,19.11111111111111,,
17.43,21.555555555555557,,
17.44,22.444444444444443,,
17.45,22.0,,
17.46,27.555555555555557,,
17.47,19.333333333333332,,
17.48,21.777777777777775,,
17.49,21.555555555555557,,
17.5,19.77777777777778,,
17.51,16.444444444444446,,
17.52,13.333333333333334,,
17.53,13.555555555555557,,
17.54,4.666666666666667,,
17.55,16.22222222222222,,
17.56,21.777777777777775,,
17.57,18.666666666666668,,
17.58,16.22222222222222,,
17.59,20.88888888888889,,
17.6,19.77777777777778,,
17.61,23.77777777777778,,
17.62,14.222222222222221,,
17.63,16.88888888888889,,
17.64,19.11111111111111,,
17.65,22.22222222222222,,
17.66,18.88888888888889,,
17.67,16.0,,
17.68,22.666666666666664,,
17.69,15.555555555555555,,
17.7,22.666666666666664,,
17.71,18.444444444444443,,
17.72,18.22222222222222,,
17.73,22.666666666666664,,
17.74,19.11111111111111,,
17.75,21.777777777777775,,
17.76,13.777777777777779,,
17.77,13.111111111111112,,
17.78,12.0,,
17.79,14.666666666666666,,
17.8,16.666666666666664,,
17.81,10.444444444444445,,
17.82,7.555555555555555,,
17.83,10.888888888888888,,
17.84,14.666666666666666,,
17.85,10.222222222222223,,
17.86,9.555555555555555,,
17.87,9.11111111111111,,
17.88,12.666666666666668,,
17.89,11.555555555555555,,
17.9,8.222222222222223,,
17.91,4.222222222222222,,
17.92,5.555555555555555,,
17.93,9.777777777777779,,
17.94,15.555555555555555,,
17.95,15.777777777777777,,
17.96,17.333333333333336,,
17.97,14.666666666666666,,
17.98,14.000000000000002,,
17.99,12.88888888888889,,
18.0,16.22222222222222,,
18.01,9.555555555555555,,
18.02,11.11111111111111,,
18.03,17.333333333333336,,
18.04,16.0,,
18.05,11.11111111111111,,
18.06,12.0,,
18.07,14.000000000000002,,
18.08,15.777777777777777,,
18.09,20.22222222222222,,
18.1,9.555555555555555,,
18.11,7.777777777777778,,
18.12,5.777777777777778,,
18.13,10.888888888888888,,
18.14,15.777777777777777,,
18.15,14.888888888888888,,
18.16,13.555555555555557,,
18.17,19.333333333333332,,
18.18,18.88888888888889,,
18.19,14.444444444444443,,
18.2,11.333333333333332,,
18.21,7.777777777777778,,
18.22,3.7777777777777777,,
18.23,10.888888888888888,,
18.24,14.888888888888888,,
18.25,14.666666666666666,,
18.26,16.666666666666664,,
18.27,18.0,,
18.28,11.777777777777777,,
18.29,15.555555555555555,,
18.3,12.222222222222221,,
18.31,12.666666666666668,,
18.32,14.000000000000002,,
18.33,19.11111111111111,,
18.34,23.555555555555554,,
18.35,28.666666666666668,,
18.36,35.11111111111111,,
18.37,39.33333333333333,,
18.38,38.44444444444444,,
18.39,37.77777777777778,,
18.4,30.88888888888889,,
18.41,38.88888888888889,,
18.42,33.77777777777778,,
18.43,43.333333333333336,,
18.44,40.22222222222222,,
18.45,48.44444444444444,,
18.46,48.888888888888886,,
18.47,42.66666666666667,,
18.48,45.33333333333333,,
18.49,47.55555555555556,,
18.5,48.888888888888886,,
18.51,47.77777777777778,,
18.52,48.22222222222222,,
18.53,46.666666666666664,,
18.54,60.0,,
18.55,49.55555555555556,,
18.56,43.55555555555555,,
18.57,34.66666666666667,,
18.58,38.666666666666664,,
18.59,43.77777777777778,,
18.6,46.88888888888889,,
18.61,44.0,,
18.62,35.11111111111111,,
18.63,37.55555555555555,,
18.64,34.66666666666667,,
18.65,47.11111111111111,,
18.66,26.666666666666668,,
18.67,33.55555555555556,,
18.68,42.0,,
18.69,37.77777777777778,,
18.7,29.555555555555557,,
18.71,39.33333333333333,,
18.72,16.666666666666664,,
18.73,22.88888888888889,,
18.74,30.666666666666664,,
18.75,37.333333333333336,,
18.76,34.88888888888889,,
18.77,30.444444444444446,,
18.78,50.66666666666667,,
18.79,40.666666666666664,,
18.8,35.333333333333336,,
18.81,50.22222222222222,,
18.82,41.55555555555556,,
18.83,47.55555555555556,,
18.84,41.11111111111111,,
18.85,53.77777777777778,,
18.86,52.0,,
18.87,37.333333333333336,,
18.88,41.333333333333336,,
18.89,36.666666666666664,,
18.9,25.11111111111111,,
18.91,29.777777777777775,,
18.92,45.55555555555556,,
18.93,52.44444444444445,,
18.94,43.77777777777778,,
18.95,31.11111111111111,,
18.96,36.44444444444444,,
18.97,31.333333333333336,,
18.98,22.666666666666664,,
18.99,28.666666666666668,,
19.0,30.0,,
19.01,28.666666666666668,,
19.02,25.77777777777778,,
19.03,24.88888888888889,,
19.04,30.22222222222222,,
19.05,25.77777777777778,,
19.06,25.11111111111111,,
19.07,20.666666666666668,,
19.08,19.555555555555557,,
19.09,30.0,,
19.1,29.555555555555557,,
19.11,23.77777777777778,,
19.12,18.0,,
19.13,24.444444444444443,,
19.14,37.77777777777778,,
19.15,41.55555555555556,,
19.16,37.333333333333336,,
19.17,36.666666666666664,,
19.18,36.666666666666664,,
19.19,30.666666666666664,,
19.2,24.88888888888889,,
19.21,25.77777777777778,,
19.22,18.666666666666668,,
19.23,28.888888888888886,,
19.24,31.333333333333336,,
19.25,29.555555555555557,,
19.26,26.666666666666668,,
19.27,27.555555555555557,,
19.28,25.333333333333336,,
19.29,12.666666666666668,,
19.3,15.777777777777777,,
19.31,20.22222222222222,,
19.32,10.0,,
19.33,26.666666666666668,,
19.34,28.444444444444443,,
19.35,20.88888888888889,,
19.36,26.222222222222225,,
19.37,24.0,,
19.38,35.77777777777777,,
19.39,27.333333333333332,,
19.4,16.444444444444446,,
19.41,18.444444444444443,,
19.42,22.88888888888889,,
19.43,20.22222222222222,,
19.44,28.444444444444443,,
19.45,30.88888888888889,,
19.46,24.88888888888889,,
19.47,19.77777777777778,,
19.48,20.0,,
19.49,27.111111111111114,,
19.5,26.222222222222225,,
19.51,32.88888888888889,,
19.52,30.444444444444446,,
19.53,29.555555555555557,,
19.54,37.111111111111114,,
19.55,31.11111111111111,,
19.56,33.33333333333333,,
19.57,28.22222222222222,,
19.58,23.333333333333332,,
19.59,18.0,,
19.6,16.0,,
19.61,18.88888888888889,,
19.62,22.88888888888889,,
19.63,23.555555555555554,,
19.64,27.333333333333332,,
19.65,20.666666666666668,,
19.66,29.11111111111111,,
19.67,24.0,,
19.68,14.666666666666666,,
19.69,19.555555555555557,,
19.7,22.88888888888889,,
19.71,21.555555555555557,,
19.72,23.333333333333332,,
19.73,18.22222222222222,,
19.74,21.333333333333336,,
19.75,21.555555555555557,,
19.76,36.0,,
19.77,30.88888888888889,,
19.78,24.0,,
19.79,23.555555555555554,,
19.8,22.0,,
19.81,26.444444444444443,,
19.82,26.444444444444443,,
19.83,29.11111111111111,,
19.84,24.88888888888889,,
19.85,14.444444444444443,,
19.86,22.22222222222222,,
19.87,20.22222222222222,,
19.88,15.11111111111111,,
19.89,11.777777777777777,,
19.9,14.666666666666666,,
19.91,17.555555555555554,,
19.92,15.11111111111111,,
19.93,16.666666666666664,,
19.94,22.22222222222222,,
19.95,24.444444444444443,,
19.96,14.888888888888888,,
19.97,14.444444444444443,,
19.98,9.777777777777779,,
19.99,15.333333333333332,,
20.0,22.88888888888889,,
20.01,20.88888888888889,,
20.02,21.777777777777775,,
20.03,19.333333333333332,,
20.04,20.444444444444446,,
20.05,18.0,,
20.06,26.0,,
20.07,26.0,,
20.08,21.555555555555557,,
20.09,16.88888888888889,,
20.1,12.444444444444445,,
20.11,12.0,,
20.12,11.11111111111111,,
20.13,11.333333333333332,,
20.14,6.888888888888889,,
20.15,12.444444444444445,,
20.16,14.000000000000002,,
20.17,15.333333333333332,,
20.18,23.555555555555554,,
20.19,20.444444444444446,,
20.2,17.333333333333336,,
20.21,17.77777777777778,,
20.22,22.0,,
20.23,20.0,,
20.24,6.444444444444445,,
20.25,14.666666666666666,,
20.26,14.444444444444443,,
20.27,10.888888888888888,,
20.28,12.88888888888889,,
20.29,11.11111111111111,,
20.3,12.444444444444445,,
20.31,10.0,,
20.32,17.333333333333336,,
20.33,12.88888888888889,,
20.34,9.777777777777779,,
20.35,15.555555555555555,,
20.36,9.333333333333334,,
20.37,14.000000000000002,,
20.38,14.222222222222221,,
20.39,9.11111111111111,,
20.4,7.333333333333333,,
20.41,7.333333333333333,,
20.42,14.888888888888888,,
20.43,11.333333333333332,,
20.44,11.555555555555555,,
20.45,7.111111111111111,,
20.46,7.111111111111111,,
20.47,8.444444444444445,,
20.48,10.222222222222223,,
20.49,12.0,,
20.5,10.444444444444445,,
20.51,15.777777777777777,,
20.52,11.777777777777777,,
20.53,10.0,,
20.54,14.666666666666666,,
20.55,15.555555555555555,,
20.56,12.666666666666668,,
20.57,19.333333333333332,,
20.58,18.22222222222222,,
20.59,9.777777777777779,,
20.6,5.777777777777778,,
20.61,6.444444444444445,,
20.62,17.555555555555554,,
20.63,15.333333333333332,,
20.64,11.777777777777777,,
20.65,11.11111111111111,,
20.66,12.0,,
20.67,15.777777777777777,,
20.68,17.11111111111111,,
20.69,12.666666666666668,,
20.7,13.555555555555557,,
20.71,14.444444444444443,,
20.72,20.444444444444446,,
20.73,22.444444444444443,,
20.74,22.444444444444443,,
20.75,26.0,,
20.76,23.11111111111111,,
20.77,24.666666666666668,,
20.78,22.444444444444443,,
20.79,16.444444444444446,,
20.8,19.555555555555557,,
20.81,23.333333333333332,,
20.82,26.0,,
20.83,18.444444444444443,,
20.84,23.11111111111111,,
20.85,19.333333333333332,,
20.86,14.222222222222221,,
20.87,12.222222222222221,,
20.88,15.333333333333332,,
20.89,12.444444444444445,,
20.9,15.11111111111111,,
20.91,8.444444444444445,,
20.92,15.555555555555555,,
20.93,11.11111111111111,,
20.94,7.111111111111111,,
20.95,10.666666666666668,,
20.96,22.88888888888889,,
20.97,18.0,,
20.98,18.22222222222222,,
20.99,16.22222222222222,,
21.0,24.0,,
21.01,11.333333333333332,,
21.02,19.77777777777778,,
21.03,13.555555555555557,,
21.04,18.0,,
21.05,23.11111111111111,,
21.06,28.22222222222222,,
21.07,16.22222222222222,,
21.08,14.888888888888888,,
21.09,15.333333333333332,,
21.1,20.666666666666668,,
21.11,19.333333333333332,,
21.12,18.444444444444443,,
21.13,21.11111111111111,,
21.14,23.555555555555554,,
21.15,9.777777777777779,,
21.16,9.777777777777779,,
21.17,13.777777777777779,,
21.18,18.22222222222222,,
21.19,20.0,,
21.2,11.777777777777777,,
21.21,12.88888888888889,,
21.22,14.666666666666666,,
21.23,16.88888888888889,,
21.24,17.333333333333336,,
21.25,9.11111111111111,,
21.26,20.444444444444446,,
21.27,12.88888888888889,,
21.28,13.111111111111112,,
21.29,16.22222222222222,,
21.3,20.22222222222222,,
21.31,19.77777777777778,,
21.32,16.444444444444446,,
21.33,7.111111111111111,,
21.34,0.6666666666666667,,
21.35,10.444444444444445,,
21.36,13.555555555555557,,
21.37,14.000000000000002,,
21.38,7.111111111111111,,
21.39,14.888888888888888,,
21.4,7.111111111111111,,
21.41,14.444444444444443,,
21.42,21.777777777777775,,
21.43,9.555555555555555,,
21.44,10.222222222222223,,
21.45,10.444444444444445,,
21.46,17.555555555555554,,
21.47,16.88888888888889,,
21.48,12.88888888888889,,
21.49,11.333333333333332,,
21.5,4.666666666666667,,
21.51,11.11111111111111,,
21.52,6.0,,
21.53,10.444444444444445,,
21.54,16.444444444444446,,
21.55,9.555555555555555,,
21.56,12.666666666666668,,
21.57,18.666666666666668,,
21.58,14.000000000000002,,
21.59,10.0,,
21.6,9.555555555555555,,
21.61,6.666666666666667,,
21.62,7.555555555555555,,
21.63,10.666666666666668,,
21.64,13.777777777777779,,
21.65,14.444444444444443,,
21.66,10.666666666666668,,
21.67,9.777777777777779,,
21.68,11.555555555555555,,
21.69,11.11111111111111,,
21.7,13.555555555555557,,
21.71,10.888888888888888,,
21.72,11.777777777777777,,
21.73,15.333333333333332,,
21.74,16.22222222222222,,
21.75,12.444444444444445,,
21.76,20.22222222222222,,
21.77,21.555555555555557,,
21.78,22.88888888888889,,
21.79,28.000000000000004,,
21.8,23.77777777777778,,
21.81,28.444444444444443,,
21.82,25.555555555555554,,
21.83,33.33333333333333,,
21.84,30.666666666666664,,
21.85,30.88888888888889,,
21.86,31.11111111111111,,
21.87,36.22222222222222,,
21.88,26.0,,
21.89,29.11111111111111,,
21.9,26.222222222222225,,
21.91,24.88888888888889,,
21.92,23.77777777777778,,
21.93,9.777777777777779,,
21.94,27.555555555555557,,
21.95,26.0,,
21.96,17.77777777777778,,
21.97,20.22222222222222,,
21.98,16.444444444444446,,
21.99,24.88888888888889,,
22.0,11.333333333333332,,
22.01,25.77777777777778,,
22.02,21.777777777777775,,
22.03,19.11111111111111,,
22.04,22.88888888888889,,
22.05,19.333333333333332,,
22.06,19.11111111111111,,
22.07,30.0,,
22.08,26.0,,
22.09,20.22222222222222,,
22.1,13.777777777777779,,
22.11,29.555555555555557,,
22.12,24.88888888888889,,
22.13,25.555555555555554,,
22.14,23.333333333333332,,
22.15,25.333333333333336,,
22.16,24.22222222222222,,
22.17,25.333333333333336,,
22.18,20.666666666666668,,
22.19,21.777777777777775,,
22.2,20.0,,
22.21,19.333333333333332,,
22.22,22.88888888888889,,
22.23,22.0,,
22.24,15.555555555555555,,
22.25,10.888888888888888,,
22.26,22.0,,
22.27,15.333333333333332,,
22.28,29.555555555555557,,
22.29,26.0,,
22.3,23.333333333333332,,
22.31,15.333333333333332,,
22.32,14.888888888888888,,
22.33,10.222222222222223,,
22.34,11.777777777777777,,
22.35,18.666666666666668,,
22.36,17.11111111111111,,
22.37,18.0,,
22.38,8.222222222222223,,
22.39,21.11111111111111,,
22.4,9.11111111111111,,
22.41,8.666666666666668,,
22.42,9.555555555555555,,
22.43,11.333333333333332,,
22.44,14.222222222222221,,
22.45,7.333333333333333,,
22.46,16.666666666666664,,
22.47,9.777777777777779,,
22.48,16.22222222222222,,
22.49,9.777777777777779,,
22.5,7.555555555555555,,
22.51,11.11111111111111,,
22.52,5.777777777777778,,
22.53,10.0,,
22.54,6.222222222222222,,
22.55,15.333333333333332,,
22.56,11.333333333333332,,
22.57,14.666666666666666,,
22.58,9.555555555555555,,
22.59,16.22222222222222,,
22.6,15.333333333333332,,
22.61,10.666666666666668,,
22.62,10.0,,
22.63,12.666666666666668,,
22.64,9.777777777777779,,
22.65,10.888888888888888,,
22.66,13.333333333333334,,
22.67,9.555555555555555,,
22.68,11.555555555555555,,
22.69,10.888888888888888,,
22.7,11.555555555555555,,
22.71,9.333333333333334,,
22.72,9.777777777777779,,
22.73,8.88888888888889,,
22.74,9.333333333333334,,
22.75,5.555555555555555,,
22.76,14.222222222222221,,
22.77,8.88888888888889,,
22.78,13.555555555555557,,
22.79,14.444444444444443,,
22.8,17.333333333333336,,
22.81,14.000000000000002,,
22.82,6.666666666666667,,
22.83,6.888888888888889,,
22.84,4.888888888888889,,
22.85,10.888888888888888,,
22.86,3.5555555555555554,,
22.87,2.2222222222222223,,
22.88,1.3333333333333335,,
22.89,0.8888888888888888,,
22.9,5.777777777777778,,
22.91,12.444444444444445,,
22.92,12.88888888888889,,
22.93,4.444444444444445,,
22.94,1.1111111111111112,,
22.95,5.333333333333334,,
22.96,5.333333333333334,,
22.97,6.222222222222222,,
22.98,4.0,,
22.99,5.333333333333334,,
23.0,14.444444444444443,,
23.01,6.888888888888889,,
23.02,10.888888888888888,,
23.03,12.222222222222221,,
23.04,10.0,,
23.05,5.111111111111112,,
23.06,0.8888888888888888,,
23.07,11.555555555555555,,
23.08,8.88888888888889,,
23.09,10.222222222222223,,
23.1,9.333333333333334,,
23.11,6.444444444444445,,
23.12,12.222222222222221,,
23.13,9.333333333333334,,
23.14,7.555555555555555,,
23.15,9.11111111111111,,
23.16,6.222222222222222,,
23.17,6.888888888888889,,
23.18,11.777777777777777,,
23.19,9.555555555555555,,
23.2,12.444444444444445,,
23.21,8.666666666666668,,
23.22,7.555555555555555,,
23.23,9.333333333333334,,
23.24,13.111111111111112,,
23.25,11.333333333333332,,
23.26,13.777777777777779,,
23.27,14.666666666666666,,
23.28,15.11111111111111,,
23.29,13.333333333333334,,
23.3,8.0,,
23.31,6.666666666666667,,
23.32,11.11111111111111,,
23.33,11.777777777777777,,
23.34,9.777777777777779,,
23.35,5.555555555555555,,
23.36,6.444444444444445,,
23.37,11.333333333333332,,
23.38,12.444444444444445,,
23.39,6.444444444444445,,
23.4,8.444444444444445,,
23.41,6.888888888888889,,
23.42,5.333333333333334,,
23.43,8.666666666666668,,
23.44,9.555555555555555,,
23.45,12.444444444444445,,
23.46,10.222222222222223,,
23.47,10.0,,
23.48,13.333333333333334,,
23.49,7.555555555555555,,
23.5,4.444444444444445,,
23.51,13.333333333333334,,
23.52,10.888888888888888,,
23.53,10.888888888888888,,
23.54,7.111111111111111,,
23.55,4.666666666666667,,
23.56,8.0,,
23.57,3.3333333333333335,,
23.58,0.2222222222222222,,
23.59,0.0,,
23.6,0.0,,
23.61,0.0,,
23.62,5.555555555555555,,
23.63,5.555555555555555,,
23.64,5.555555555555555,,
23.65,9.777777777777779,,
23.66,12.444444444444445,,
23.67,8.666666666666668,,
23.68,10.444444444444445,,
23.69,10.444444444444445,,
23.7,8.88888888888889,,
23.71,6.666666666666667,,
23.72,7.555555555555555,,
23.73,9.11111111111111,,
23.74,9.11111111111111,,
23.75,15.333333333333332,,
23.76,10.888888888888888,,
23.77,8.0,,
23.78,9.555555555555555,,
23.79,6.222222222222222,,
23.8,5.777777777777778,,
23.81,5.333333333333334,,
23.82,6.444444444444445,,
23.83,6.888888888888889,,
23.84,3.7777777777777777,,
23.85,2.888888888888889,,
23.86,7.333333333333333,,
23.87,11.333333333333332,,
23.88,11.333333333333332,,
23.89,6.666666666666667,,
23.9,6.222222222222222,,
23.91,4.666666666666667,,
23.92,12.666666666666668,,
23.93,7.555555555555555,,
23.94,6.0,,
23.95,5.777777777777778,,
23.96,8.444444444444445,,
23.97,11.777777777777777,,
23.98,9.777777777777779,,
23.99,8.444444444444445,,
24.0,4.0,,
24.01,5.777777777777778,,
24.02,2.4444444444444446,,
24.03,5.111111111111112,,
24.04,1.5555555555555556,,
24.05,1.1111111111111112,,
24.06,5.555555555555555,,
24.07,5.555555555555555,,
24.08,11.333333333333332,,
24.09,3.7777777777777777,,
24.1,0.0,,
24.11,0.0,,
24.12,8.88888888888889,,
24.13,5.777777777777778,,
24.14,11.333333333333332,,
24.15,8.222222222222223,,
24.16,5.111111111111112,,
24.17,11.777777777777777,,
24.18,9.555555555555555,,
24.19,11.777777777777777,,
24.2,8.444444444444445,,
24.21,6.444444444444445,,
24.22,10.888888888888888,,
24.23,9.11111111111111,,
24.24,4.222222222222222,,
24.25,0.6666666666666667,,
24.26,9.777777777777779,,
24.27,9.777777777777779,,
24.28,10.666666666666668,,
24.29,4.0,,
24.3,5.777777777777778,,
24.31,5.777777777777778,,
24.32,5.777777777777778,,
24.33,5.555555555555555,,
24.34,5.333333333333334,,
24.35,7.111111111111111,,
24.36,4.0,,
24.37,4.888888888888889,,
24.38,0.2222222222222222,,
24.39,0.2222222222222222,,
24.4,0.2222222222222222,,
24.41,0.0,,
24.42,0.0,,
24.43,5.333333333333334,,
24.44,6.444444444444445,,
24.45,6.222222222222222,,
24.46,7.555555555555555,,
24.47,6.0,,
24.48,3.3333333333333335,,
24.49,9.555555555555555,,
24.5,9.555555555555555,,
24.51,9.555555555555555,,
24.52,9.555555555555555,,
24.53,9.555555555555555,,
24.54,9.555555555555555,,
24.55,9.555555555555555,,
24.56,9.555555555555555,,
24.57,9.555555555555555,,
24.58,5.555555555555555,,
24.59,7.555555555555555,,
24.6,10.0,,
24.61,8.444444444444445,,
24.62,6.888888888888889,,
24.63,7.777777777777778,,
24.64,5.555555555555555,,
24.65,4.888888888888889,,
24.66,4.666666666666667,,
24.67,6.0,,
24.68,5.777777777777778,,
24.69,3.5555555555555554,,
24.7,8.88888888888889,,
24.71,8.666666666666668,,
24.72,12.222222222222221,,
24.73,10.444444444444445,,
24.74,8.444444444444445,,
24.75,10.222222222222223,,
24.76,10.222222222222223,,
24.77,10.666666666666668,,
24.78,8.0,,
24.79,7.555555555555555,,
24.8,2.666666666666667,,
24.81,6.0,,
24.82,1.1111111111111112,,
24.83,0.4444444444444444,,
24.84,5.555555555555555,,
24.85,6.666666666666667,,
24.86,8.666666666666668,,
24.87,6.888888888888889,,
24.88,11.11111111111111,,
24.89,8.88888888888889,,
24.9,6.666666666666667,,
24.91,6.0,,
24.92,6.0,,
24.93,10.666666666666668,,
24.94,10.444444444444445,,
24.95,13.333333333333334,,
24.96,10.444444444444445,,
24.97,6.666666666666667,,
24.98,12.222222222222221,,
24.99,10.444444444444445,,
25.0,14.444444444444443,,
25.01,23.77777777777778,,
25.02,20.22222222222222,,
25.03,21.777777777777775,,
25.04,18.22222222222222,,
25.05,20.0,,
25.06,17.11111111111111,,
25.07,11.777777777777777,,
25.08,15.555555555555555,,
25.09,11.11111111111111,,
25.1,15.777777777777777,,
25.11,12.666666666666668,,
25.12,11.333333333333332,,
25.13,12.0,,
25.14,13.555555555555557,,
25.15,10.0,,
25.16,6.222222222222222,,
25.17,10.666666666666668,,
25.18,9.555555555555555,,
25.19,6.444444444444445,,
25.2,3.111111111111111,,
25.21,6.222222222222222,,
25.22,8.666666666666668,,
25.23,16.444444444444446,,
25.24,20.0,,
25.25,13.333333333333334,,
25.26,10.0,,
25.27,4.666666666666667,,
25.28,0.4444444444444444,,
25.29,6.222222222222222,,
25.3,4.666666666666667,,
25.31,13.333333333333334,,
25.32,20.22222222222222,,
25.33,16.444444444444446,,
25.34,15.777777777777777,,
25.35,17.11111111111111,,
25.36,15.555555555555555,,
25.37,21.333333333333336,,
25.38,21.777777777777775,,
25.39,30.0,,
25.4,30.0,,
25.41,31.77777777777778,,
25.42,29.11111111111111,,
25.43,31.77777777777778,,
25.44,29.11111111111111,,
25.45,21.777777777777775,,
25.46,21.555555555555557,,
25.47,11.777777777777777,,
25.48,16.22222222222222,,
25.49,20.0,,
25.5,12.88888888888889,,
25.51,13.555555555555557,,
25.52,12.444444444444445,,
25.53,21.555555555555557,,
25.54,22.666666666666664,,
25.55,16.88888888888889,,
25.56,18.88888888888889,,
25.57,32.666666666666664,,
25.58,27.77777777777778,,
25.59,19.333333333333332,,
25.6,15.777777777777777,,
25.61,16.22222222222222,,
25.62,14.000000000000002,,
25.63,16.0,,
25.64,24.0,,
25.65,14.222222222222221,,
25.66,10.222222222222223,,
25.67,3.111111111111111,,
25.68,10.0,,
25.69,11.11111111111111,,
25.7,14.888888888888888,,
25.71,14.222222222222221,,
25.72,9.333333333333334,,
25.73,11.11111111111111,,
25.74,15.555555555555555,,
25.75,20.88888888888889,,
25.76,7.777777777777778,,
25.77,18.88888888888889,,
25.78,24.666666666666668,,
25.79,20.88888888888889,,
25.8,14.444444444444443,,
25.81,18.22222222222222,,
25.82,16.22222222222222,,
25.83,22.444444444444443,,
25.84,22.22222222222222,,
25.85,29.777777777777775,,
25.86,22.666666666666664,,
25.87,16.88888888888889,,
25.88,17.77777777777778,,
25.89,7.333333333333333,,
25.9,12.222222222222221,,
25.91,19.11111111111111,,
25.92,8.88888888888889,,
25.93,8.222222222222223,,
25.94,18.444444444444443,,
25.95,8.0,,
25.96,15.555555555555555,,
25.97,7.555555555555555,,
25.98,0.2222222222222222,,
25.99,5.111111111111112,,
26.0,12.0,,
26.01,4.666666666666667,,
26.02,11.555555555555555,,
26.03,15.11111111111111,,
26.04,12.88888888888889,,
26.05,14.444444444444443,,
26.06,17.333333333333336,,
26.07,14.000000000000002,,
26.08,5.333333333333334,,
26.09,9.11111111111111,,
26.1,5.777777777777778,,
26.11,12.222222222222221,,
26.12,8.222222222222223,,
26.13,7.333333333333333,,
26.14,8.444444444444445,,
26.15,13.111111111111112,,
26.16,9.333333333333334,,
26.17,5.111111111111112,,
26.18,16.88888888888889,,
26.19,10.888888888888888,,
26.2,4.0,,
26.21,20.22222222222222,,
26.22,6.888888888888889,,
26.23,10.444444444444445,,
26.24,10.222222222222223,,
26.25,5.555555555555555,,
26.26,11.777777777777777,,
26.27,5.333333333333334,,
26.28,8.222222222222223,,
26.29,7.777777777777778,,
26.3,2.4444444444444446,,
26.31,5.111111111111112,,
26.32,4.888888888888889,,
26.33,0.2222222222222222,,
26.34,4.888888888888889,,
26.35,0.0,,
26.36,0.0,,
26.37,0.0,,
26.38,0.0,,
26.39,0.0,,
26.4,0.0,,
26.41,0.0,,
26.42,7.555555555555555,,
26.43,5.555555555555555,,
26.44,6.444444444444445,,
26.45,6.888888888888889,,
26.46,2.666666666666667,,
26.47,1.3333333333333335,,
26.48,0.0,,
26.49,10.444444444444445,,
26.5,5.111111111111112,,
26.51,7.555555555555555,,
26.52,2.0,,
26.53,5.777777777777778,,
26.54,4.222222222222222,,
26.55,0.0,,
26.56,5.333333333333334,,
26.57,0.0,,
26.58,0.0,,
26.59,5.777777777777778,,
26.6,5.777777777777778,,
26.61,10.222222222222223,,
26.62,5.777777777777778,,
26.63,5.777777777777778,,
26.64,8.444444444444445,,
26.65,4.666666666666667,,
26.66,7.111111111111111,,
26.67,7.555555555555555,,
26.68,1.7777777777777777,,
26.69,0.8888888888888888,,
26.7,0.2222222222222222,,
26.71,5.111111111111112,,
26.72,5.111111111111112,,
26.73,5.111111111111112,,
26.74,5.111111111111112,,
26.75,5.777777777777778,,
26.76,5.333333333333334,,
26.77,5.333333333333334,,
26.78,5.111111111111112,,
26.79,5.111111111111112,,
26.8,5.111111111111112,,
26.81,5.111111111111112,,
26.82,1.3333333333333335,,
26.83,0.0,,
26.84,5.777777777777778,,
26.85,5.777777777777778,,
26.86,5.777777777777778,,
26.87,8.222222222222223,,
26.88,4.888888888888889,,
26.89,5.555555555555555,,
26.9,4.888888888888889,,
26.91,1.7777777777777777,,
26.92,0.0,,
26.93,0.0,,
26.94,0.0,,
26.95,0.0,,
26.96,5.111111111111112,,
26.97,5.111111111111112,,
26.98,5.111111111111112,,
26.99,5.111111111111112,,
27.0,5.111111111111112,,
27.01,0.0,,
27.02,3.111111111111111,,
27.03,0.0,,
27.04,0.0,,
27.05,0.0,,
27.06,0.0,,
27.07,0.0,,
27.08,5.555555555555555,,
27.09,5.555555555555555,,
27.1,5.555555555555555,,
27.11,5.555555555555555,,
27.12,0.0,,
27.13,5.333333333333334,,
27.14,5.333333333333334,,
27.15,8.666666666666668,,
27.16,1.5555555555555556,,
27.17,5.333333333333334,,
27.18,5.333333333333334,,
27.19,5.333333333333334,,
27.2,5.333333333333334,,
27.21,5.333333333333334,,
27.22,5.333333333333334,,
27.23,6.666666666666667,,
27.24,6.444444444444445,,
27.25,6.222222222222222,,
27.26,5.777777777777778,,
27.27,5.777777777777778,,
27.28,5.777777777777778,,
27.29,5.777777777777778,,
27.3,5.777777777777778,,
27.31,5.777777777777778,,
27.32,5.777777777777778,,
27.33,1.3333333333333335,,
27.34,0.0,,
27.35,5.333333333333334,,
27.36,5.333333333333334,,
27.37,5.333333333333334,,
27.38,5.333333333333334,,
27.39,5.333333333333334,,
27.4,5.333333333333334,,
27.41,5.333333333333334,,
27.42,8.88888888888889,,
27.43,5.333333333333334,,
27.44,1.1111111111111112,,
27.45,0.0,,
27.46,5.333333333333334,,
27.47,5.333333333333334,,
27.48,5.333333333333334,,
27.49,5.333333333333334,,
27.5,5.333333333333334,,
27.51,5.333333333333334,,
27.52,5.333333333333334,,
27.53,0.0,,
27.54,0.0,,
27.55,0.0,,
27.56,0.0,,
27.57,5.333333333333334,,
27.58,5.333333333333334,,
27.59,5.333333333333334,,
27.6,5.333333333333334,,
27.61,5.333333333333334,,
27.62,0.0,,
27.63,0.0,,
27.64,0.0,,
27.65,0.0,,
27.66,0.0,,
27.67,0.0,,
27.68,0.0,,
27.69,0.0,,
27.7,0.0,,
27.71,5.111111111111112,,
27.72,5.111111111111112,,
27.73,5.111111111111112,,
27.74,5.111111111111112,,
27.75,5.111111111111112,,
27.76,0.0,,
27.77,0.0,,
27.78,0.0,,
27.79,0.0,,
27.8,0.0,,
27.81,0.0,,
27.82,5.333333333333334,,
27.83,5.333333333333334,,
27.84,5.333333333333334,,
27.85,5.333333333333334,,
27.86,5.333333333333334,,
27.87,5.333333333333334,,
27.88,5.333333333333334,,
27.89,5.333333333333334,,
27.9,5.333333333333334,,
27.91,5.333333333333334,,
27.92,5.333333333333334,,
27.93,5.333333333333334,,
27.94,5.333333333333334,,
27.95,0.0,,
